"filename", "language", "Markdown", "JSON", "TypeScript", "JSON with Comments", "JavaScript", "TypeScript JSX", "HTML", "PostCSS", "XML", "comment", "blank", "total"
"c:\Code\omni-chat\AGENTS.md", "Markdown", 112, 0, 0, 0, 0, 0, 0, 0, 0, 0, 23, 135
"c:\Code\omni-chat\APPREADME.md", "Markdown", 29, 0, 0, 0, 0, 0, 0, 0, 0, 0, 11, 40
"c:\Code\omni-chat\PLANS.md", "Markdown", 71, 0, 0, 0, 0, 0, 0, 0, 0, 0, 15, 86
"c:\Code\omni-chat\README.md", "Markdown", 208, 0, 0, 0, 0, 0, 0, 0, 0, 0, 2, 210
"c:\Code\omni-chat\client\index.html", "HTML", 0, 0, 0, 0, 0, 0, 12, 0, 0, 0, 1, 13
"c:\Code\omni-chat\client\package-lock.json", "JSON", 0, 3953, 0, 0, 0, 0, 0, 0, 0, 0, 1, 3954
"c:\Code\omni-chat\client\package.json", "JSON", 0, 34, 0, 0, 0, 0, 0, 0, 0, 0, 1, 35
"c:\Code\omni-chat\client\public\platform-icons\facebook.svg", "XML", 0, 0, 0, 0, 0, 0, 0, 0, 13, 1, 3, 17
"c:\Code\omni-chat\client\public\platform-icons\instagram.svg", "XML", 0, 0, 0, 0, 0, 0, 0, 0, 14, 0, 1, 15
"c:\Code\omni-chat\client\public\platform-icons\line.svg", "XML", 0, 0, 0, 0, 0, 0, 0, 0, 1, 0, 0, 1
"c:\Code\omni-chat\client\public\platform-icons\telegram.svg", "XML", 0, 0, 0, 0, 0, 0, 0, 0, 11, 0, 0, 11
"c:\Code\omni-chat\client\public\platform-icons\tiktok.svg", "XML", 0, 0, 0, 0, 0, 0, 0, 0, 5, 1, 0, 6
"c:\Code\omni-chat\client\public\platform-icons\viber.svg", "XML", 0, 0, 0, 0, 0, 0, 0, 0, 7, 0, 0, 7
"c:\Code\omni-chat\client\public\platform-icons\website.svg", "XML", 0, 0, 0, 0, 0, 0, 0, 0, 11, 0, 1, 12
"c:\Code\omni-chat\client\src\App.tsx", "TypeScript JSX", 0, 0, 0, 0, 0, 210, 0, 0, 0, 0, 31, 241
"c:\Code\omni-chat\client\src\components\LegalDocumentPage.tsx", "TypeScript JSX", 0, 0, 0, 0, 0, 55, 0, 0, 0, 0, 8, 63
"c:\Code\omni-chat\client\src\components\PublicSiteShell.tsx", "TypeScript JSX", 0, 0, 0, 0, 0, 127, 0, 0, 0, 0, 16, 143
"c:\Code\omni-chat\client\src\components\app-shell.tsx", "TypeScript JSX", 0, 0, 0, 0, 0, 497, 0, 0, 0, 0, 45, 542
"c:\Code\omni-chat\client\src\components\portal-shell.tsx", "TypeScript JSX", 0, 0, 0, 0, 0, 82, 0, 0, 0, 0, 8, 90
"c:\Code\omni-chat\client\src\content\site.ts", "TypeScript", 0, 0, 84, 0, 0, 0, 0, 0, 0, 0, 6, 90
"c:\Code\omni-chat\client\src\features\channels\ChannelConnectionCard.tsx", "TypeScript JSX", 0, 0, 0, 0, 0, 111, 0, 0, 0, 0, 12, 123
"c:\Code\omni-chat\client\src\features\inbox\ChannelBadge.tsx", "TypeScript JSX", 0, 0, 0, 0, 0, 55, 0, 0, 0, 0, 3, 58
"c:\Code\omni-chat\client\src\features\inbox\Composer.tsx", "TypeScript JSX", 0, 0, 0, 0, 0, 765, 0, 0, 0, 0, 74, 839
"c:\Code\omni-chat\client\src\features\inbox\ContactPanel.tsx", "TypeScript JSX", 0, 0, 0, 0, 0, 690, 0, 0, 0, 0, 83, 773
"c:\Code\omni-chat\client\src\features\inbox\ConversationList.tsx", "TypeScript JSX", 0, 0, 0, 0, 0, 198, 0, 0, 0, 0, 23, 221
"c:\Code\omni-chat\client\src\features\inbox\ThreadView.tsx", "TypeScript JSX", 0, 0, 0, 0, 0, 596, 0, 0, 0, 1, 66, 663
"c:\Code\omni-chat\client\src\features\inbox\conversation-state.ts", "TypeScript", 0, 0, 217, 0, 0, 0, 0, 0, 0, 0, 49, 266
"c:\Code\omni-chat\client\src\features\inbox\inbox-state.ts", "TypeScript", 0, 0, 46, 0, 0, 0, 0, 0, 0, 0, 11, 57
"c:\Code\omni-chat\client\src\features\inbox\sticker-catalog.ts", "TypeScript", 0, 0, 36, 0, 0, 0, 0, 0, 0, 0, 4, 40
"c:\Code\omni-chat\client\src\features\inbox\thread-media-utils.ts", "TypeScript", 0, 0, 99, 0, 0, 0, 0, 0, 0, 2, 16, 117
"c:\Code\omni-chat\client\src\features\portal\billing-form-helpers.ts", "TypeScript", 0, 0, 72, 0, 0, 0, 0, 0, 0, 0, 5, 77
"c:\Code\omni-chat\client\src\features\portal\portal-display.ts", "TypeScript", 0, 0, 41, 0, 0, 0, 0, 0, 0, 0, 12, 53
"c:\Code\omni-chat\client\src\features\portal\portal-workspace-context.ts", "TypeScript", 0, 0, 18, 0, 0, 0, 0, 0, 0, 0, 3, 21
"c:\Code\omni-chat\client\src\features\portal\portal-workspace-helpers.ts", "TypeScript", 0, 0, 32, 0, 0, 0, 0, 0, 0, 0, 8, 40
"c:\Code\omni-chat\client\src\features\ui\FilterChip.tsx", "TypeScript JSX", 0, 0, 0, 0, 0, 21, 0, 0, 0, 0, 1, 22
"c:\Code\omni-chat\client\src\features\ui\MetricCard.tsx", "TypeScript JSX", 0, 0, 0, 0, 0, 16, 0, 0, 0, 0, 1, 17
"c:\Code\omni-chat\client\src\features\ui\Select.tsx", "TypeScript JSX", 0, 0, 0, 0, 0, 41, 0, 0, 0, 0, 3, 44
"c:\Code\omni-chat\client\src\features\ui\StatusBadge.tsx", "TypeScript JSX", 0, 0, 0, 0, 0, 29, 0, 0, 0, 0, 3, 32
"c:\Code\omni-chat\client\src\features\ui\ToastStack.tsx", "TypeScript JSX", 0, 0, 0, 0, 0, 70, 0, 0, 0, 0, 10, 80
"c:\Code\omni-chat\client\src\hooks\use-session.tsx", "TypeScript JSX", 0, 0, 0, 0, 0, 289, 0, 0, 0, 3, 37, 329
"c:\Code\omni-chat\client\src\index.css", "PostCSS", 0, 0, 0, 0, 0, 0, 0, 1, 0, 0, 1, 2
"c:\Code\omni-chat\client\src\main.tsx", "TypeScript JSX", 0, 0, 0, 0, 0, 15, 0, 0, 0, 0, 2, 17
"c:\Code\omni-chat\client\src\pages\AISettingsPage.tsx", "TypeScript JSX", 0, 0, 0, 0, 0, 656, 0, 0, 0, 0, 62, 718
"c:\Code\omni-chat\client\src\pages\AcceptInvitePage.tsx", "TypeScript JSX", 0, 0, 0, 0, 0, 186, 0, 0, 0, 0, 24, 210
"c:\Code\omni-chat\client\src\pages\AccountPage.tsx", "TypeScript JSX", 0, 0, 0, 0, 0, 254, 0, 0, 0, 0, 31, 285
"c:\Code\omni-chat\client\src\pages\AnalyticsPage.tsx", "TypeScript JSX", 0, 0, 0, 0, 0, 294, 0, 0, 0, 0, 41, 335
"c:\Code\omni-chat\client\src\pages\AutomationsPage.tsx", "TypeScript JSX", 0, 0, 0, 0, 0, 331, 0, 0, 0, 0, 43, 374
"c:\Code\omni-chat\client\src\pages\CannedRepliesPage.tsx", "TypeScript JSX", 0, 0, 0, 0, 0, 521, 0, 0, 0, 0, 63, 584
"c:\Code\omni-chat\client\src\pages\ChannelsPage.tsx", "TypeScript JSX", 0, 0, 0, 0, 0, 1461, 0, 0, 0, 0, 158, 1619
"c:\Code\omni-chat\client\src\pages\CreateWorkspacePage.tsx", "TypeScript JSX", 0, 0, 0, 0, 0, 145, 0, 0, 0, 0, 21, 166
"c:\Code\omni-chat\client\src\pages\DataDeletionPage.tsx", "TypeScript JSX", 0, 0, 0, 0, 0, 38, 0, 0, 0, 0, 3, 41
"c:\Code\omni-chat\client\src\pages\InboxPage.tsx", "TypeScript JSX", 0, 0, 0, 0, 0, 1844, 0, 0, 0, 3, 225, 2072
"c:\Code\omni-chat\client\src\pages\KnowledgePage.tsx", "TypeScript JSX", 0, 0, 0, 0, 0, 503, 0, 0, 0, 0, 65, 568
"c:\Code\omni-chat\client\src\pages\LandingPage.tsx", "TypeScript JSX", 0, 0, 0, 0, 0, 260, 0, 0, 0, 0, 19, 279
"c:\Code\omni-chat\client\src\pages\LoginPage.tsx", "TypeScript JSX", 0, 0, 0, 0, 0, 312, 0, 0, 0, 0, 48, 360
"c:\Code\omni-chat\client\src\pages\PortalDashboardPage.tsx", "TypeScript JSX", 0, 0, 0, 0, 0, 227, 0, 0, 0, 0, 15, 242
"c:\Code\omni-chat\client\src\pages\PortalPlanCatalogPage.tsx", "TypeScript JSX", 0, 0, 0, 0, 0, 457, 0, 0, 0, 0, 27, 484
"c:\Code\omni-chat\client\src\pages\PortalPlansPage.tsx", "TypeScript JSX", 0, 0, 0, 0, 0, 387, 0, 0, 0, 0, 24, 411
"c:\Code\omni-chat\client\src\pages\PortalStaffPage.tsx", "TypeScript JSX", 0, 0, 0, 0, 0, 246, 0, 0, 0, 0, 17, 263
"c:\Code\omni-chat\client\src\pages\PortalWorkspaceAuditPage.tsx", "TypeScript JSX", 0, 0, 0, 0, 0, 63, 0, 0, 0, 0, 4, 67
"c:\Code\omni-chat\client\src\pages\PortalWorkspaceBillingPage.tsx", "TypeScript JSX", 0, 0, 0, 0, 0, 680, 0, 0, 0, 0, 41, 721
"c:\Code\omni-chat\client\src\pages\PortalWorkspaceChannelsPage.tsx", "TypeScript JSX", 0, 0, 0, 0, 0, 193, 0, 0, 0, 0, 14, 207
"c:\Code\omni-chat\client\src\pages\PortalWorkspaceLayout.tsx", "TypeScript JSX", 0, 0, 0, 0, 0, 230, 0, 0, 0, 0, 14, 244
"c:\Code\omni-chat\client\src\pages\PortalWorkspaceMembersPage.tsx", "TypeScript JSX", 0, 0, 0, 0, 0, 152, 0, 0, 0, 0, 8, 160
"c:\Code\omni-chat\client\src\pages\PortalWorkspacePage.tsx", "TypeScript JSX", 0, 0, 0, 0, 0, 184, 0, 0, 0, 0, 9, 193
"c:\Code\omni-chat\client\src\pages\PrivacyPage.tsx", "TypeScript JSX", 0, 0, 0, 0, 0, 28, 0, 0, 0, 0, 2, 30
"c:\Code\omni-chat\client\src\pages\PublicWorkspacePage.tsx", "TypeScript JSX", 0, 0, 0, 0, 0, 482, 0, 0, 0, 0, 44, 526
"c:\Code\omni-chat\client\src\pages\StickerLibraryPage.tsx", "TypeScript JSX", 0, 0, 0, 0, 0, 587, 0, 0, 0, 0, 62, 649
"c:\Code\omni-chat\client\src\pages\TermsPage.tsx", "TypeScript JSX", 0, 0, 0, 0, 0, 27, 0, 0, 0, 0, 2, 29
"c:\Code\omni-chat\client\src\pages\WorkspaceMembersPage.tsx", "TypeScript JSX", 0, 0, 0, 0, 0, 385, 0, 0, 0, 0, 34, 419
"c:\Code\omni-chat\client\src\pages\WorkspaceProfilePage.tsx", "TypeScript JSX", 0, 0, 0, 0, 0, 503, 0, 0, 0, 0, 32, 535
"c:\Code\omni-chat\client\src\pages\WorkspacesPage.tsx", "TypeScript JSX", 0, 0, 0, 0, 0, 250, 0, 0, 0, 0, 27, 277
"c:\Code\omni-chat\client\src\services\api-base.ts", "TypeScript", 0, 0, 13, 0, 0, 0, 0, 0, 0, 0, 3, 16
"c:\Code\omni-chat\client\src\services\api.ts", "TypeScript", 0, 0, 75, 0, 0, 0, 0, 0, 0, 0, 13, 88
"c:\Code\omni-chat\client\src\services\realtime.ts", "TypeScript", 0, 0, 28, 0, 0, 0, 0, 0, 0, 0, 3, 31
"c:\Code\omni-chat\client\src\types\models.ts", "TypeScript", 0, 0, 587, 0, 0, 0, 0, 0, 0, 0, 35, 622
"c:\Code\omni-chat\client\src\types\outbound-content.ts", "TypeScript", 0, 0, 93, 0, 0, 0, 0, 0, 0, 0, 8, 101
"c:\Code\omni-chat\client\src\utils\assistant-model-options.json", "JSON", 0, 19, 0, 0, 0, 0, 0, 0, 0, 0, 1, 20
"c:\Code\omni-chat\client\src\utils\gemini-model-options.json", "JSON", 0, 29, 0, 0, 0, 0, 0, 0, 0, 0, 0, 29
"c:\Code\omni-chat\client\src\utils\inbound-notification.test.ts", "TypeScript", 0, 0, 62, 0, 0, 0, 0, 0, 0, 0, 9, 71
"c:\Code\omni-chat\client\src\utils\inbound-notification.ts", "TypeScript", 0, 0, 29, 0, 0, 0, 0, 0, 0, 7, 7, 43
"c:\Code\omni-chat\client\src\utils\platform-icons.ts", "TypeScript", 0, 0, 15, 0, 0, 0, 0, 0, 0, 0, 3, 18
"c:\Code\omni-chat\client\src\utils\platform-role.ts", "TypeScript", 0, 0, 27, 0, 0, 0, 0, 0, 0, 0, 9, 36
"c:\Code\omni-chat\client\src\utils\workspace-role.ts", "TypeScript", 0, 0, 16, 0, 0, 0, 0, 0, 0, 0, 6, 22
"c:\Code\omni-chat\client\src\utils\workspace-routes.ts", "TypeScript", 0, 0, 39, 0, 0, 0, 0, 0, 0, 0, 8, 47
"c:\Code\omni-chat\client\src\vite-env.d.ts", "TypeScript", 0, 0, 0, 0, 0, 0, 0, 0, 0, 1, 1, 2
"c:\Code\omni-chat\client\tsconfig.json", "JSON with Comments", 0, 0, 0, 27, 0, 0, 0, 0, 0, 0, 1, 28
"c:\Code\omni-chat\client\vite.config.ts", "TypeScript", 0, 0, 11, 0, 0, 0, 0, 0, 0, 0, 2, 13
"c:\Code\omni-chat\docs\api-contracts.md", "Markdown", 234, 0, 0, 0, 0, 0, 0, 0, 0, 0, 100, 334
"c:\Code\omni-chat\docs\messaging-architecture.md", "Markdown", 199, 0, 0, 0, 0, 0, 0, 0, 0, 0, 69, 268
"c:\Code\omni-chat\docs\migration-notes.md", "Markdown", 74, 0, 0, 0, 0, 0, 0, 0, 0, 0, 42, 116
"c:\Code\omni-chat\package-lock.json", "JSON", 0, 329, 0, 0, 0, 0, 0, 0, 0, 0, 1, 330
"c:\Code\omni-chat\package.json", "JSON", 0, 12, 0, 0, 0, 0, 0, 0, 0, 0, 1, 13
"c:\Code\omni-chat\scripts\ensure-env.mjs", "JavaScript", 0, 0, 0, 0, 14, 0, 0, 0, 0, 0, 5, 19
"c:\Code\omni-chat\server\package-lock.json", "JSON", 0, 4202, 0, 0, 0, 0, 0, 0, 0, 0, 1, 4203
"c:\Code\omni-chat\server\package.json", "JSON", 0, 40, 0, 0, 0, 0, 0, 0, 0, 0, 1, 41
"c:\Code\omni-chat\server\scripts\dev-public-cloudflare.mjs", "JavaScript", 0, 0, 0, 0, 160, 0, 0, 0, 0, 1, 35, 196
"c:\Code\omni-chat\server\src\app.ts", "TypeScript", 0, 0, 156, 0, 0, 0, 0, 0, 0, 0, 16, 172
"c:\Code\omni-chat\server\src\billing\constants.ts", "TypeScript", 0, 0, 35, 0, 0, 0, 0, 0, 0, 0, 2, 37
"c:\Code\omni-chat\server\src\channels\adapter.registry.ts", "TypeScript", 0, 0, 34, 0, 0, 0, 0, 0, 0, 0, 7, 41
"c:\Code\omni-chat\server\src\channels\base.adapter.ts", "TypeScript", 0, 0, 112, 0, 0, 0, 0, 0, 0, 0, 15, 127
"c:\Code\omni-chat\server\src\channels\facebook.adapter.ts", "TypeScript", 0, 0, 322, 0, 0, 0, 0, 0, 0, 2, 33, 357
"c:\Code\omni-chat\server\src\channels\instagram.adapter.ts", "TypeScript", 0, 0, 299, 0, 0, 0, 0, 0, 0, 0, 29, 328
"c:\Code\omni-chat\server\src\channels\line.adapter.ts", "TypeScript", 0, 0, 416, 0, 0, 0, 0, 0, 0, 1, 48, 465
"c:\Code\omni-chat\server\src\channels\telegram.adapter.ts", "TypeScript", 0, 0, 846, 0, 0, 0, 0, 0, 0, 1, 55, 902
"c:\Code\omni-chat\server\src\channels\tiktok.adapter.ts", "TypeScript", 0, 0, 338, 0, 0, 0, 0, 0, 0, 0, 29, 367
"c:\Code\omni-chat\server\src\channels\types.ts", "TypeScript", 0, 0, 249, 0, 0, 0, 0, 0, 0, 0, 18, 267
"c:\Code\omni-chat\server\src\channels\viber.adapter.ts", "TypeScript", 0, 0, 405, 0, 0, 0, 0, 0, 0, 0, 32, 437
"c:\Code\omni-chat\server\src\channels\website.adapter.ts", "TypeScript", 0, 0, 132, 0, 0, 0, 0, 0, 0, 0, 12, 144
"c:\Code\omni-chat\server\src\config\env.ts", "TypeScript", 0, 0, 129, 0, 0, 0, 0, 0, 0, 4, 12, 145
"c:\Code\omni-chat\server\src\lib\async-handler.ts", "TypeScript", 0, 0, 8, 0, 0, 0, 0, 0, 0, 0, 2, 10
"c:\Code\omni-chat\server\src\lib\bot-pause.ts", "TypeScript", 0, 0, 47, 0, 0, 0, 0, 0, 0, 0, 8, 55
"c:\Code\omni-chat\server\src\lib\conversation-ai-state.ts", "TypeScript", 0, 0, 40, 0, 0, 0, 0, 0, 0, 0, 11, 51
"c:\Code\omni-chat\server\src\lib\crypto.ts", "TypeScript", 0, 0, 52, 0, 0, 0, 0, 0, 0, 9, 5, 66
"c:\Code\omni-chat\server\src\lib\errors.ts", "TypeScript", 0, 0, 45, 0, 0, 0, 0, 0, 0, 0, 8, 53
"c:\Code\omni-chat\server\src\lib\logger.ts", "TypeScript", 0, 0, 38, 0, 0, 0, 0, 0, 0, 0, 10, 48
"c:\Code\omni-chat\server\src\lib\meta-signed-request.ts", "TypeScript", 0, 0, 52, 0, 0, 0, 0, 0, 0, 0, 12, 64
"c:\Code\omni-chat\server\src\lib\mongo.ts", "TypeScript", 0, 0, 21, 0, 0, 0, 0, 0, 0, 0, 6, 27
"c:\Code\omni-chat\server\src\lib\platform-role.ts", "TypeScript", 0, 0, 56, 0, 0, 0, 0, 0, 0, 0, 12, 68
"c:\Code\omni-chat\server\src\lib\realtime.ts", "TypeScript", 0, 0, 199, 0, 0, 0, 0, 0, 0, 0, 36, 235
"c:\Code\omni-chat\server\src\lib\validators.ts", "TypeScript", 0, 0, 299, 0, 0, 0, 0, 0, 0, 0, 23, 322
"c:\Code\omni-chat\server\src\lib\workspace-role.ts", "TypeScript", 0, 0, 43, 0, 0, 0, 0, 0, 0, 0, 11, 54
"c:\Code\omni-chat\server\src\middleware\authenticate.ts", "TypeScript", 0, 0, 52, 0, 0, 0, 0, 0, 0, 0, 10, 62
"c:\Code\omni-chat\server\src\middleware\error-handler.ts", "TypeScript", 0, 0, 55, 0, 0, 0, 0, 0, 0, 0, 5, 60
"c:\Code\omni-chat\server\src\middleware\require-platform-role.ts", "TypeScript", 0, 0, 19, 0, 0, 0, 0, 0, 0, 0, 6, 25
"c:\Code\omni-chat\server\src\middleware\require-role.ts", "TypeScript", 0, 0, 17, 0, 0, 0, 0, 0, 0, 0, 4, 21
"c:\Code\omni-chat\server\src\middleware\require-workspace.ts", "TypeScript", 0, 0, 64, 0, 0, 0, 0, 0, 0, 5, 12, 81
"c:\Code\omni-chat\server\src\models\ai-settings.model.ts", "TypeScript", 0, 0, 50, 0, 0, 0, 0, 0, 0, 2, 4, 56
"c:\Code\omni-chat\server\src\models\attention-item.model.ts", "TypeScript", 0, 0, 108, 0, 0, 0, 0, 0, 0, 0, 4, 112
"c:\Code\omni-chat\server\src\models\audit-log.model.ts", "TypeScript", 0, 0, 24, 0, 0, 0, 0, 0, 0, 0, 5, 29
"c:\Code\omni-chat\server\src\models\automation-rule.model.ts", "TypeScript", 0, 0, 31, 0, 0, 0, 0, 0, 0, 0, 5, 36
"c:\Code\omni-chat\server\src\models\billing-account.model.ts", "TypeScript", 0, 0, 34, 0, 0, 0, 0, 0, 0, 1, 4, 39
"c:\Code\omni-chat\server\src\models\billing-override.model.ts", "TypeScript", 0, 0, 47, 0, 0, 0, 0, 0, 0, 0, 5, 52
"c:\Code\omni-chat\server\src\models\business-hours.model.ts", "TypeScript", 0, 0, 36, 0, 0, 0, 0, 0, 0, 0, 6, 42
"c:\Code\omni-chat\server\src\models\canned-reply.model.ts", "TypeScript", 0, 0, 25, 0, 0, 0, 0, 0, 0, 0, 5, 30
"c:\Code\omni-chat\server\src\models\channel-connection.model.ts", "TypeScript", 0, 0, 63, 0, 0, 0, 0, 0, 0, 0, 7, 70
"c:\Code\omni-chat\server\src\models\contact.model.ts", "TypeScript", 0, 0, 47, 0, 0, 0, 0, 0, 0, 0, 6, 53
"c:\Code\omni-chat\server\src\models\conversation.model.ts", "TypeScript", 0, 0, 63, 0, 0, 0, 0, 0, 0, 0, 7, 70
"c:\Code\omni-chat\server\src\models\data-deletion-request.model.ts", "TypeScript", 0, 0, 30, 0, 0, 0, 0, 0, 0, 0, 4, 34
"c:\Code\omni-chat\server\src\models\entitlements.model.ts", "TypeScript", 0, 0, 77, 0, 0, 0, 0, 0, 0, 0, 4, 81
"c:\Code\omni-chat\server\src\models\inbound-buffer.model.ts", "TypeScript", 0, 0, 58, 0, 0, 0, 0, 0, 0, 0, 5, 63
"c:\Code\omni-chat\server\src\models\index.ts", "TypeScript", 0, 0, 26, 0, 0, 0, 0, 0, 0, 0, 1, 27
"c:\Code\omni-chat\server\src\models\knowledge-item.model.ts", "TypeScript", 0, 0, 24, 0, 0, 0, 0, 0, 0, 0, 5, 29
"c:\Code\omni-chat\server\src\models\media-asset.model.ts", "TypeScript", 0, 0, 29, 0, 0, 0, 0, 0, 0, 0, 5, 34
"c:\Code\omni-chat\server\src\models\message-delivery.model.ts", "TypeScript", 0, 0, 52, 0, 0, 0, 0, 0, 0, 0, 5, 57
"c:\Code\omni-chat\server\src\models\message.model.ts", "TypeScript", 0, 0, 133, 0, 0, 0, 0, 0, 0, 0, 10, 143
"c:\Code\omni-chat\server\src\models\plan-catalog.model.ts", "TypeScript", 0, 0, 27, 0, 0, 0, 0, 0, 0, 0, 4, 31
"c:\Code\omni-chat\server\src\models\plan-version.model.ts", "TypeScript", 0, 0, 131, 0, 0, 0, 0, 0, 0, 0, 7, 138
"c:\Code\omni-chat\server\src\models\subscription.model.ts", "TypeScript", 0, 0, 76, 0, 0, 0, 0, 0, 0, 2, 4, 82
"c:\Code\omni-chat\server\src\models\usage-summary.model.ts", "TypeScript", 0, 0, 56, 0, 0, 0, 0, 0, 0, 0, 6, 62
"c:\Code\omni-chat\server\src\models\user.model.ts", "TypeScript", 0, 0, 36, 0, 0, 0, 0, 0, 0, 0, 6, 42
"c:\Code\omni-chat\server\src\models\workspace-membership.model.ts", "TypeScript", 0, 0, 77, 0, 0, 0, 0, 0, 0, 0, 6, 83
"c:\Code\omni-chat\server\src\models\workspace-sticker.model.ts", "TypeScript", 0, 0, 79, 0, 0, 0, 0, 0, 0, 0, 5, 84
"c:\Code\omni-chat\server\src\models\workspace.model.ts", "TypeScript", 0, 0, 43, 0, 0, 0, 0, 0, 0, 0, 4, 47
"c:\Code\omni-chat\server\src\routes\api\account.ts", "TypeScript", 0, 0, 91, 0, 0, 0, 0, 0, 0, 0, 17, 108
"c:\Code\omni-chat\server\src\routes\api\ai-settings.ts", "TypeScript", 0, 0, 123, 0, 0, 0, 0, 0, 0, 0, 12, 135
"c:\Code\omni-chat\server\src\routes\api\audit-logs.ts", "TypeScript", 0, 0, 21, 0, 0, 0, 0, 0, 0, 0, 4, 25
"c:\Code\omni-chat\server\src\routes\api\auth.ts", "TypeScript", 0, 0, 739, 0, 0, 0, 0, 0, 0, 4, 121, 864
"c:\Code\omni-chat\server\src\routes\api\automations.ts", "TypeScript", 0, 0, 87, 0, 0, 0, 0, 0, 0, 0, 9, 96
"c:\Code\omni-chat\server\src\routes\api\canned-replies.ts", "TypeScript", 0, 0, 80, 0, 0, 0, 0, 0, 0, 0, 11, 91
"c:\Code\omni-chat\server\src\routes\api\channels.ts", "TypeScript", 0, 0, 243, 0, 0, 0, 0, 0, 0, 0, 29, 272
"c:\Code\omni-chat\server\src\routes\api\contacts.ts", "TypeScript", 0, 0, 78, 0, 0, 0, 0, 0, 0, 0, 18, 96
"c:\Code\omni-chat\server\src\routes\api\conversations.ts", "TypeScript", 0, 0, 442, 0, 0, 0, 0, 0, 0, 1, 61, 504
"c:\Code\omni-chat\server\src\routes\api\knowledge.ts", "TypeScript", 0, 0, 80, 0, 0, 0, 0, 0, 0, 0, 11, 91
"c:\Code\omni-chat\server\src\routes\api\media-assets.ts", "TypeScript", 0, 0, 76, 0, 0, 0, 0, 0, 0, 0, 17, 93
"c:\Code\omni-chat\server\src\routes\api\portal.ts", "TypeScript", 0, 0, 782, 0, 0, 0, 0, 0, 0, 0, 86, 868
"c:\Code\omni-chat\server\src\routes\api\stickers.ts", "TypeScript", 0, 0, 237, 0, 0, 0, 0, 0, 0, 10, 25, 272
"c:\Code\omni-chat\server\src\routes\api\workspace-members.ts", "TypeScript", 0, 0, 312, 0, 0, 0, 0, 0, 0, 0, 43, 355
"c:\Code\omni-chat\server\src\routes\api\workspace-profile.ts", "TypeScript", 0, 0, 142, 0, 0, 0, 0, 0, 0, 0, 18, 160
"c:\Code\omni-chat\server\src\routes\public\facebook-oauth.ts", "TypeScript", 0, 0, 111, 0, 0, 0, 0, 0, 0, 0, 7, 118
"c:\Code\omni-chat\server\src\routes\public\google-oauth.ts", "TypeScript", 0, 0, 101, 0, 0, 0, 0, 0, 0, 0, 6, 107
"c:\Code\omni-chat\server\src\routes\public\line-media.ts", "TypeScript", 0, 0, 19, 0, 0, 0, 0, 0, 0, 0, 5, 24
"c:\Code\omni-chat\server\src\routes\public\media-assets.ts", "TypeScript", 0, 0, 19, 0, 0, 0, 0, 0, 0, 0, 5, 24
"c:\Code\omni-chat\server\src\routes\public\meta-data-deletion.ts", "TypeScript", 0, 0, 190, 0, 0, 0, 0, 0, 0, 0, 19, 209
"c:\Code\omni-chat\server\src\routes\public\meta-deauthorize.ts", "TypeScript", 0, 0, 105, 0, 0, 0, 0, 0, 0, 0, 11, 116
"c:\Code\omni-chat\server\src\routes\public\sticker-previews.ts", "TypeScript", 0, 0, 22, 0, 0, 0, 0, 0, 0, 0, 6, 28
"c:\Code\omni-chat\server\src\routes\public\tiktok-media.ts", "TypeScript", 0, 0, 22, 0, 0, 0, 0, 0, 0, 0, 6, 28
"c:\Code\omni-chat\server\src\routes\public\tiktok-shop-oauth.ts", "TypeScript", 0, 0, 325, 0, 0, 0, 0, 0, 0, 0, 5, 330
"c:\Code\omni-chat\server\src\routes\public\workspace-public.ts", "TypeScript", 0, 0, 163, 0, 0, 0, 0, 0, 0, 0, 25, 188
"c:\Code\omni-chat\server\src\routes\webhooks\facebook.ts", "TypeScript", 0, 0, 70, 0, 0, 0, 0, 0, 0, 1, 12, 83
"c:\Code\omni-chat\server\src\routes\webhooks\instagram.ts", "TypeScript", 0, 0, 58, 0, 0, 0, 0, 0, 0, 1, 11, 70
"c:\Code\omni-chat\server\src\routes\webhooks\line.ts", "TypeScript", 0, 0, 52, 0, 0, 0, 0, 0, 0, 1, 10, 63
"c:\Code\omni-chat\server\src\routes\webhooks\telegram.ts", "TypeScript", 0, 0, 29, 0, 0, 0, 0, 0, 0, 1, 7, 37
"c:\Code\omni-chat\server\src\routes\webhooks\tiktok.ts", "TypeScript", 0, 0, 20, 0, 0, 0, 0, 0, 0, 0, 5, 25
"c:\Code\omni-chat\server\src\routes\webhooks\viber.ts", "TypeScript", 0, 0, 47, 0, 0, 0, 0, 0, 0, 3, 11, 61
"c:\Code\omni-chat\server\src\routes\webhooks\website.ts", "TypeScript", 0, 0, 37, 0, 0, 0, 0, 0, 0, 1, 8, 46
"c:\Code\omni-chat\server\src\scripts\seed.ts", "TypeScript", 0, 0, 413, 0, 0, 0, 0, 0, 0, 0, 21, 434
"c:\Code\omni-chat\server\src\server.ts", "TypeScript", 0, 0, 29, 0, 0, 0, 0, 0, 0, 0, 4, 33
"c:\Code\omni-chat\server\src\services\ai-reply.service.ts", "TypeScript", 0, 0, 684, 0, 0, 0, 0, 0, 0, 0, 62, 746
"c:\Code\omni-chat\server\src\services\assistant-provider.service.ts", "TypeScript", 0, 0, 89, 0, 0, 0, 0, 0, 0, 0, 17, 106
"c:\Code\omni-chat\server\src\services\attention-item.service.ts", "TypeScript", 0, 0, 474, 0, 0, 0, 0, 0, 0, 0, 60, 534
"c:\Code\omni-chat\server\src\services\audit-log.service.ts", "TypeScript", 0, 0, 42, 0, 0, 0, 0, 0, 0, 0, 8, 50
"c:\Code\omni-chat\server\src\services\automation.service.ts", "TypeScript", 0, 0, 852, 0, 0, 0, 0, 0, 0, 0, 83, 935
"c:\Code\omni-chat\server\src\services\billing.service.ts", "TypeScript", 0, 0, 1757, 0, 0, 0, 0, 0, 0, 0, 195, 1952
"c:\Code\omni-chat\server\src\services\canned-reply.service.ts", "TypeScript", 0, 0, 193, 0, 0, 0, 0, 0, 0, 0, 26, 219
"c:\Code\omni-chat\server\src\services\channel-connection.service.ts", "TypeScript", 0, 0, 1630, 0, 0, 0, 0, 0, 0, 2, 203, 1835
"c:\Code\omni-chat\server\src\services\channel-support.service.ts", "TypeScript", 0, 0, 66, 0, 0, 0, 0, 0, 0, 0, 10, 76
"c:\Code\omni-chat\server\src\services\contact.service.ts", "TypeScript", 0, 0, 222, 0, 0, 0, 0, 0, 0, 0, 37, 259
"c:\Code\omni-chat\server\src\services\conversation.service.ts", "TypeScript", 0, 0, 347, 0, 0, 0, 0, 0, 0, 0, 47, 394
"c:\Code\omni-chat\server\src\services\email.service.ts", "TypeScript", 0, 0, 79, 0, 0, 0, 0, 0, 0, 0, 9, 88
"c:\Code\omni-chat\server\src\services\facebook-oauth.service.ts", "TypeScript", 0, 0, 220, 0, 0, 0, 0, 0, 0, 2, 35, 257
"c:\Code\omni-chat\server\src\services\fixture-sticker-catalog.provider.ts", "TypeScript", 0, 0, 167, 0, 0, 0, 0, 0, 0, 6, 30, 203
"c:\Code\omni-chat\server\src\services\google-auth.service.ts", "TypeScript", 0, 0, 138, 0, 0, 0, 0, 0, 0, 0, 24, 162
"c:\Code\omni-chat\server\src\services\inbound-buffer.service.ts", "TypeScript", 0, 0, 229, 0, 0, 0, 0, 0, 0, 0, 28, 257
"c:\Code\omni-chat\server\src\services\inbound-webhook.service.ts", "TypeScript", 0, 0, 670, 0, 0, 0, 0, 0, 0, 3, 100, 773
"c:\Code\omni-chat\server\src\services\knowledge.service.ts", "TypeScript", 0, 0, 320, 0, 0, 0, 0, 0, 0, 0, 59, 379
"c:\Code\omni-chat\server\src\services\line-media-content.service.ts", "TypeScript", 0, 0, 86, 0, 0, 0, 0, 0, 0, 0, 13, 99
"c:\Code\omni-chat\server\src\services\line-media-token.service.ts", "TypeScript", 0, 0, 51, 0, 0, 0, 0, 0, 0, 0, 6, 57
"c:\Code\omni-chat\server\src\services\media-asset-token.service.ts", "TypeScript", 0, 0, 35, 0, 0, 0, 0, 0, 0, 0, 6, 41
"c:\Code\omni-chat\server\src\services\media-asset.service.ts", "TypeScript", 0, 0, 54, 0, 0, 0, 0, 0, 0, 0, 13, 67
"c:\Code\omni-chat\server\src\services\message.service.ts", "TypeScript", 0, 0, 498, 0, 0, 0, 0, 0, 0, 5, 60, 563
"c:\Code\omni-chat\server\src\services\outbound-content-executor.service.ts", "TypeScript", 0, 0, 121, 0, 0, 0, 0, 0, 0, 0, 16, 137
"c:\Code\omni-chat\server\src\services\outbound-content.types.ts", "TypeScript", 0, 0, 46, 0, 0, 0, 0, 0, 0, 0, 6, 52
"c:\Code\omni-chat\server\src\services\outbound-content.utils.ts", "TypeScript", 0, 0, 188, 0, 0, 0, 0, 0, 0, 0, 24, 212
"c:\Code\omni-chat\server\src\services\outbound-message.service.ts", "TypeScript", 0, 0, 277, 0, 0, 0, 0, 0, 0, 1, 37, 315
"c:\Code\omni-chat\server\src\services\role-model-migration.service.ts", "TypeScript", 0, 0, 73, 0, 0, 0, 0, 0, 0, 0, 6, 79
"c:\Code\omni-chat\server\src\services\sticker-catalog.provider.ts", "TypeScript", 0, 0, 4, 0, 0, 0, 0, 0, 0, 0, 2, 6
"c:\Code\omni-chat\server\src\services\sticker-catalog.service.ts", "TypeScript", 0, 0, 289, 0, 0, 0, 0, 0, 0, 0, 25, 314
"c:\Code\omni-chat\server\src\services\sticker-catalog.types.ts", "TypeScript", 0, 0, 62, 0, 0, 0, 0, 0, 0, 0, 11, 73
"c:\Code\omni-chat\server\src\services\sticker-preview-token.service.ts", "TypeScript", 0, 0, 41, 0, 0, 0, 0, 0, 0, 0, 6, 47
"c:\Code\omni-chat\server\src\services\telegram-sticker-preview.service.ts", "TypeScript", 0, 0, 264, 0, 0, 0, 0, 0, 0, 0, 35, 299
"c:\Code\omni-chat\server\src\services\tiktok-business-messaging.service.ts", "TypeScript", 0, 0, 671, 0, 0, 0, 0, 0, 0, 0, 96, 767
"c:\Code\omni-chat\server\src\services\tiktok-media-token.service.ts", "TypeScript", 0, 0, 47, 0, 0, 0, 0, 0, 0, 0, 6, 53
"c:\Code\omni-chat\server\src\services\tiktok-shop-auth.service.ts", "TypeScript", 0, 0, 131, 0, 0, 0, 0, 0, 0, 0, 25, 156
"c:\Code\omni-chat\server\src\services\workspace-invite.service.ts", "TypeScript", 0, 0, 24, 0, 0, 0, 0, 0, 0, 0, 8, 32
"c:\Code\omni-chat\server\src\services\workspace-sticker-catalog.provider.ts", "TypeScript", 0, 0, 11, 0, 0, 0, 0, 0, 0, 0, 2, 13
"c:\Code\omni-chat\server\src\services\workspace-sticker.service.ts", "TypeScript", 0, 0, 267, 0, 0, 0, 0, 0, 0, 0, 33, 300
"c:\Code\omni-chat\server\src\tests\attention-item.service.test.ts", "TypeScript", 0, 0, 597, 0, 0, 0, 0, 0, 0, 0, 62, 659
"c:\Code\omni-chat\server\src\types\auth.ts", "TypeScript", 0, 0, 10, 0, 0, 0, 0, 0, 0, 0, 3, 13
"c:\Code\omni-chat\server\src\types\express-auth.ts", "TypeScript", 0, 0, 11, 0, 0, 0, 0, 0, 0, 0, 3, 14
"c:\Code\omni-chat\server\tsconfig.json", "JSON with Comments", 0, 0, 0, 26, 0, 0, 0, 0, 0, 0, 1, 27
"Total", "-", 927, 8618, 25104, 53, 174, 15753, 12, 1, 62, 89, 4975, 55768